,Output,Targets
0,[[61.471546    0.07485283  0.73405445]],[[82.45106   -4.7257833 -1.6381383]]
1,[[81.1937      0.09703005  0.95057535]],[[59.38953  11.620987 16.311106]]
2,[[99.66833    0.115919   1.1427516]],[[ 96.86066  -13.129229  -4.950818]]
3,[[55.776203   0.0727774  0.6804427]],[[ 4.4819267e+01 -2.4085975e-04 -4.4888076e-03]]
4,[[76.90349     0.10583747  0.92006373]],[[93.07588   -1.9018421  3.1451824]]
5,[[67.71858     0.09306944  0.81868553]],[[ 7.2574768e+01 -3.5077860e-04 -6.5373215e-03]]
6,[[99.54566     0.11356867  1.1453549 ]],[[99.00159   -4.5587997 -1.5873584]]
7,[[100.90384      0.11620272   1.1582587 ]],[[99.709724  -2.0536752  5.7188506]]
8,[[59.528885    0.09173311  0.74060035]],[[ 1.1263607e+01 -1.0797081e-04 -2.0122090e-03]]
9,[[95.7083      0.11953057  1.1135972 ]],[[68.274086  28.093924  -3.1588004]]
10,[[49.717922    0.06511439  0.61307317]],[[14.323033  -3.774121  -2.7657888]]
11,[[98.29204     0.10081137  1.1101451 ]],[[ 9.9999985e+01 -4.5938941e-04 -8.5614575e-03]]
12,[[98.237595    0.11730803  1.1348644 ]],[[96.39848    -0.66021734 14.329478  ]]
13,[[99.703285    0.11248005  1.1394775 ]],[[97.64499    -0.67949456  8.381156  ]]
14,[[76.69521     0.10271157  0.91497207]],[[ 2.0327383e+01 -1.4386566e-04 -2.6811671e-03]]
15,[[97.09601     0.09799088  1.0977219 ]],[[ 96.86066  -13.129229  -4.950818]]
16,[[92.029976    0.11664856  1.0742731 ]],[[79.49348   -3.4156435 -1.1919625]]
17,[[95.21108     0.11453522  1.1021596 ]],[[85.49398   -4.3222     2.3829658]]
18,[[89.87358     0.10464514  1.042232  ]],[[72.44953    6.7151804  9.338185 ]]
19,[[88.785286    0.10419119  1.0279071 ]],[[ 96.86066  -13.129229  -4.950818]]
20,[[91.38667     0.10152758  1.0508535 ]],[[96.37711   -0.8111144 14.813555 ]]
21,[[94.7845      0.12022007  1.1055124 ]],[[ 9.8401566e+01 -3.7355948e-02  5.3679743e+00]]
22,[[82.19508     0.10011042  0.9635285 ]],[[97.64499    -0.67949456  8.381156  ]]
23,[[72.65331     0.07671512  0.8418464 ]],[[90.075455 12.818271  4.76006 ]]
24,[[97.80643     0.11395062  1.1263834 ]],[[ 9.9999985e+01 -4.5938941e-04 -8.5614575e-03]]
25,[[91.02624    0.1039933  1.0477366]],[[ 9.234692e+01 -4.290813e-04 -7.996618e-03]]
26,[[94.77283     0.12267674  1.1030964 ]],[[ 9.9999985e+01 -4.5938941e-04 -8.5614575e-03]]
27,[[96.43214     0.11960972  1.1175015 ]],[[97.782684   2.3204587  1.8977271]]
28,[[92.25747     0.11490334  1.0733963 ]],[[ 9.5145027e+01 -4.4016252e-04 -8.2031339e-03]]
29,[[67.539276    0.09594954  0.82077277]],[[90.10535   -5.718674   0.2200224]]
30,[[94.11673    0.1006626  1.0756556]],[[98.889984    1.1502016   0.93790394]]
31,[[96.03281     0.11668671  1.1134546 ]],[[96.52341    2.8335543  2.6272748]]
32,[[82.02106     0.08973635  0.9466424 ]],[[22.35949   2.685983  2.392078]]
33,[[64.16943     0.07073153  0.754743  ]],[[ 7.2574768e+01 -3.5077860e-04 -6.5373215e-03]]
34,[[82.69521     0.10278214  0.9705826 ]],[[79.79459   28.050884  11.3234005]]
35,[[65.06271     0.09578408  0.79797137]],[[14.750833    0.49714237 -1.327197  ]]
36,[[91.10004     0.10326947  1.043941  ]],[[ 9.9999985e+01 -4.5938941e-04 -8.5614575e-03]]
37,[[104.476166     0.12654006   1.2031325 ]],[[99.72846     0.3289919   0.10768967]]
38,[[100.58357     0.1222266   1.1625304]],[[ 9.8963974e+01 -4.5528656e-04 -8.4849950e-03]]
39,[[95.03652     0.10214461  1.0833684 ]],[[96.52341    2.8335543  2.6272748]]
40,[[70.095856    0.07732452  0.8198184 ]],[[93.30381   2.29448  19.255125]]
41,[[93.790215    0.11638296  1.0928364 ]],[[93.39968   -9.867647  11.8366375]]
42,[[81.17474     0.10242666  0.9558301 ]],[[ 9.8618126e+01 -4.5391687e-04 -8.4594684e-03]]
43,[[70.66174     0.08600009  0.83716536]],[[ 4.4819267e+01 -2.4085975e-04 -4.4888076e-03]]
44,[[85.78147     0.09828985  0.9924941 ]],[[97.75599     2.3272555   0.81919307]]
45,[[99.46849     0.11823834  1.1461209 ]],[[ 9.9999985e+01 -4.5938941e-04 -8.5614575e-03]]
46,[[98.4584      0.11579264  1.1306295 ]],[[97.43644    1.42882   -3.8339756]]
47,[[95.4294      0.11700905  1.1037713 ]],[[ 9.7578987e+01 -4.4980165e-04 -8.3827749e-03]]
48,[[87.60284     0.10408486  1.0186213 ]],[[98.94075   -7.6294737 23.003231 ]]
49,[[97.26514     0.10067786  1.1045026 ]],[[ 9.9999985e+01 -4.5938941e-04 -8.5614575e-03]]
50,[[91.096115    0.11283959  1.0628409 ]],[[98.74326  -4.418173 15.085007]]
51,[[84.99025     0.09637631  0.9838362 ]],[[86.880714   2.2103148  2.441277 ]]
52,[[44.344463    0.05930746  0.5536696 ]],[[47.728592   3.8837621  1.401242 ]]
53,[[88.04311   0.10226   1.019453]],[[ 30.572538    5.8998904 -14.844249 ]]
54,[[81.28899     0.10958088  0.96541905]],[[89.19606   12.137464   4.4955964]]
55,[[99.80515     0.12200058  1.1561049 ]],[[99.457085    0.65938073  0.22456361]]
56,[[80.35145     0.10812176  0.9560845 ]],[[77.19212   -2.6596377  1.9041631]]
57,[[96.85457     0.11712349  1.1164606 ]],[[91.73947    3.217648   3.8796654]]
58,[[90.54686     0.10533846  1.0467818 ]],[[ 9.8618126e+01 -4.5391687e-04 -8.4594684e-03]]
59,[[98.048294    0.11554278  1.1306409 ]],[[93.65223    6.847827   5.7459207]]
60,[[89.27925     0.09923399  1.0239999 ]],[[88.9323    13.927062   5.2009974]]
61,[[73.66429     0.10187519  0.8855959 ]],[[ 5.2012703e+01 -2.6934757e-04 -5.0197239e-03]]
62,[[99.415985    0.12114371  1.1513066 ]],[[ 9.7925629e+01 -4.5117445e-04 -8.4083593e-03]]
63,[[99.38223     0.12168825  1.1483518 ]],[[94.86876    6.420469   2.3129249]]
64,[[85.0559      0.10437501  0.98949134]],[[93.797066   7.815836   2.8342762]]
65,[[99.83142     0.12628067  1.1610746 ]],[[99.457085    0.65938073  0.22456361]]
66,[[84.69023     0.10645808  0.9942992 ]],[[96.21639    0.7014673  8.896473 ]]
67,[[95.04993     0.10522307  1.0858133 ]],[[ 9.9999985e+01 -4.5938941e-04 -8.5614575e-03]]
68,[[57.060604    0.08053864  0.70235294]],[[72.573456   2.8664436  4.4681416]]
69,[[51.43537     0.06307948  0.6258394 ]],[[ 4.4819267e+01 -2.4085975e-04 -4.4888076e-03]]
70,[[100.88518      0.12789237   1.1684072 ]],[[ 93.71375  -20.120613  -9.289137]]
71,[[98.36682     0.12292946  1.1427965 ]],[[99.457085    0.65938073  0.22456361]]
72,[[79.40654     0.08500279  0.9138715 ]],[[ 37.32762   46.511272 -81.355385]]
73,[[92.21765     0.11247385  1.0744319 ]],[[ 9.9999985e+01 -4.5938941e-04 -8.5614575e-03]]
74,[[98.96498     0.10869015  1.1288407 ]],[[ 9.9999985e+01 -4.5938941e-04 -8.5614575e-03]]
75,[[99.36122     0.12478388  1.1516109 ]],[[98.91477     1.3229767   0.46020448]]
76,[[90.94464     0.11774243  1.0662117 ]],[[ 9.9999985e+01 -4.5938941e-04 -8.5614575e-03]]
77,[[77.93997     0.10714711  0.93129444]],[[93.07588   -1.9018421  3.1451824]]
78,[[89.3385      0.11318196  1.0471895 ]],[[95.2359   -7.858579 31.039448]]
79,[[99.36976     0.12437666  1.1503882 ]],[[94.86876    6.420469   2.3129249]]
80,[[89.38093     0.09687508  1.0281385 ]],[[93.797066   7.815836   2.8342762]]
81,[[63.620914    0.08555663  0.77063775]],[[93.37918   -5.7320995 20.739714 ]]
82,[[97.03732     0.12219609  1.1253954 ]],[[99.457085    0.65938073  0.22456361]]
83,[[87.48265     0.11094654  1.0266986 ]],[[88.61698    1.5473449  6.6028686]]
84,[[74.40279     0.10016621  0.8916802 ]],[[ 4.5628681e+01 -2.4406523e-04 -4.5485469e-03]]
85,[[92.83378     0.10735405  1.0656781 ]],[[95.9437     5.0402803  1.803485 ]]
86,[[94.127075    0.11809338  1.0956689 ]],[[94.8175     2.6957273  5.3009157]]
87,[[74.23762     0.08050645  0.8599494 ]],[[ 8.7050865e+01 -4.0810762e-04 -7.6057394e-03]]
88,[[94.2259      0.09579838  1.07023   ]],[[ 9.9999985e+01 -4.5938941e-04 -8.5614575e-03]]
89,[[103.46133      0.12074984   1.1885318 ]],[[ 9.9999985e+01 -4.5938941e-04 -8.5614575e-03]]
90,[[94.330826    0.11845673  1.0990918 ]],[[ 9.9999985e+01 -4.5938941e-04 -8.5614575e-03]]
91,[[90.43504     0.10374296  1.0435541 ]],[[99.299774  -2.7066832  8.714002 ]]
92,[[84.50128     0.0996424   0.98447955]],[[91.88528    4.411931  -0.6185405]]
93,[[87.49232     0.10493363  1.0189022 ]],[[ 9.9999985e+01 -4.5938941e-04 -8.5614575e-03]]
94,[[75.177795    0.09853829  0.8950073 ]],[[93.33216    3.1080005 12.528686 ]]
95,[[77.2613      0.08266557  0.89540553]],[[84.42892    -0.89715564  2.4630017 ]]
96,[[96.74025     0.11101139  1.1116103 ]],[[ 9.9999985e+01 -4.5938941e-04 -8.5614575e-03]]
97,[[91.17817     0.11314953  1.0604185 ]],[[ 2.8851896e+01 -1.7762490e-04 -3.3103249e-03]]
98,[[47.403698    0.06397999  0.58965975]],[[35.40398   -1.3745216 -1.1415455]]
99,[[85.00601     0.09057749  0.9762043 ]],[[ 9.9999985e+01 -4.5938941e-04 -8.5614575e-03]]
100,[[98.41324    0.1215781  1.1370525]],[[ 8.1325584e+01 -3.8543405e-04 -7.1831811e-03]]
101,[[97.02616     0.12110127  1.1237756 ]],[[ 9.9999985e+01 -4.5938941e-04 -8.5614575e-03]]
102,[[72.001724    0.0970918   0.86435246]],[[98.511505  -3.2134476  9.091381 ]]
103,[[106.04973      0.12644708   1.221185  ]],[[99.68631   -2.2205222  6.1972375]]
104,[[77.00488     0.09700239  0.9109304 ]],[[93.37918   -5.7320995 20.739714 ]]
105,[[93.665794    0.10798443  1.08001   ]],[[98.509766  -1.5249082  8.605276 ]]
106,[[60.984943    0.08231414  0.74120116]],[[49.86688    -0.75561565 -0.26969635]]
107,[[92.23016     0.11976422  1.0785701 ]],[[96.83528   -0.5384271  2.5082371]]
108,[[92.020065    0.11556805  1.0751507 ]],[[98.58312    -6.7177005  -0.70016134]]
109,[[82.29472     0.08367217  0.9416683 ]],[[93.797066   7.815836   2.8342762]]
110,[[99.283615    0.11931408  1.1474574 ]],[[ 9.7925629e+01 -4.5117445e-04 -8.4083593e-03]]
111,[[89.75488     0.10303152  1.040942  ]],[[93.37918   -5.7320995 20.739714 ]]
112,[[99.584206    0.11469925  1.1455281 ]],[[99.457085    0.65938073  0.22456361]]
113,[[93.01538     0.09888781  1.0625577 ]],[[89.2635     0.9822839 -4.6262827]]
114,[[105.75507      0.12711084   1.2163719 ]],[[ 9.9999985e+01 -4.5938941e-04 -8.5614575e-03]]
115,[[95.60808     0.11373843  1.1060487 ]],[[ 9.9999985e+01 -4.5938941e-04 -8.5614575e-03]]
116,[[95.62105     0.11476172  1.1069825 ]],[[ 9.9999985e+01 -4.5938941e-04 -8.5614575e-03]]
117,[[73.17319     0.08493698  0.8606411 ]],[[77.58116  31.63479  13.068225]]
118,[[73.67439     0.07857431  0.8522608 ]],[[59.997757 26.436083  3.733051]]
119,[[84.2388      0.09806598  0.9785441 ]],[[97.11026    -0.48385832 -0.7196261 ]]
120,[[87.02255     0.11613644  1.0282918 ]],[[89.19606   12.137464   4.4955964]]
121,[[85.8336      0.11158312  1.0090772 ]],[[99.16106     0.81745744  0.81940734]]
122,[[88.25581     0.10825671  1.0302942 ]],[[ 6.2462765e+01 -3.1073249e-04 -5.7909978e-03]]
123,[[96.848816    0.10392988  1.0966333 ]],[[ 9.9999985e+01 -4.5938941e-04 -8.5614575e-03]]
124,[[86.07126     0.09512604  0.9921049 ]],[[95.92705   -4.3525376 12.525133 ]]
125,[[100.707405     0.11647595   1.1589668 ]],[[98.43008  -9.056313 29.3835  ]]
126,[[84.53622     0.09722484  0.9786792 ]],[[ 84.11064    6.944819 -18.246313]]
127,[[84.48714    0.0936302  0.9768436]],[[ 8.0604073e+01 -3.8257666e-04 -7.1299290e-03]]
128,[[99.61078     0.10282934  1.1299379 ]],[[ 9.9999985e+01 -4.5938941e-04 -8.5614575e-03]]
129,[[56.38699     0.08831895  0.7059295 ]],[[ 4.5628681e+01 -2.4406523e-04 -4.5485469e-03]]
130,[[82.95137     0.10164369  0.97303545]],[[ 9.9999985e+01 -4.5938941e-04 -8.5614575e-03]]
131,[[90.7426      0.10600174  1.0469567 ]],[[ 8.3123573e+01 -3.9255453e-04 -7.3158825e-03]]
132,[[74.85382     0.10035456  0.89461815]],[[ 2.0327383e+01 -1.4386566e-04 -2.6811671e-03]]
133,[[59.07647     0.08865441  0.73243356]],[[ 1.1263607e+01 -1.0797081e-04 -2.0122090e-03]]
134,[[90.92102     0.10405911  1.048743  ]],[[98.40664   -5.659718  -2.4996552]]
135,[[88.85687     0.10373009  1.0298233 ]],[[99.48555   -1.3838186  4.8823485]]
136,[[99.62425     0.11233891  1.1418562 ]],[[ 9.9999985e+01 -4.5938941e-04 -8.5614575e-03]]
137,[[92.695366    0.11540926  1.0809863 ]],[[89.19606   12.137464   4.4955964]]
138,[[94.90796     0.10029877  1.083209  ]],[[99.16106     0.81745744  0.81940734]]
139,[[88.665924    0.10696209  1.0302112 ]],[[ 7.7704353e+01 -3.7109305e-04 -6.9159134e-03]]
140,[[85.460724    0.09733094  0.9905443 ]],[[ 9.9999985e+01 -4.5938941e-04 -8.5614575e-03]]
141,[[91.19629     0.10477246  1.0502341 ]],[[ 9.930957e+01 -4.566552e-04 -8.510501e-03]]
142,[[88.3177     0.1076063  1.0312629]],[[ 9.9999985e+01 -4.5938941e-04 -8.5614575e-03]]
143,[[100.21919      0.12746418   1.161403  ]],[[99.12056  -1.713483  6.918853]]
144,[[54.63297     0.0679592   0.66332674]],[[15.5604725 -3.0174952  2.680977 ]]
145,[[63.51952     0.08989108  0.7748786 ]],[[ 7.2574768e+01 -3.5077860e-04 -6.5373215e-03]]
146,[[95.816956    0.10601891  1.0982894 ]],[[ 9.9999985e+01 -4.5938941e-04 -8.5614575e-03]]
147,[[96.555565    0.10925329  1.1107963 ]],[[91.07902   4.61631  22.888514]]
148,[[99.11061     0.10586012  1.1305828 ]],[[95.24398    0.3157013  1.1900628]]
149,[[99.74518    0.1308831  1.158287 ]],[[ 9.5145027e+01 -4.4016252e-04 -8.2031339e-03]]
150,[[97.77904     0.11812676  1.1314913 ]],[[ 9.9999985e+01 -4.5938941e-04 -8.5614575e-03]]
151,[[92.25789     0.11042298  1.0705473 ]],[[97.91787   -5.7848496 22.092085 ]]
152,[[92.39392     0.10506094  1.0608085 ]],[[98.91477     1.3229767   0.46020448]]
153,[[90.724434    0.11594618  1.0620525 ]],[[98.64574   -2.8274033 11.363911 ]]
154,[[87.673904    0.09604634  1.008135  ]],[[ 8.0604073e+01 -3.8257666e-04 -7.1299290e-03]]
155,[[90.21337     0.10356034  1.0415337 ]],[[94.3539    -6.1691465 -7.5762625]]
156,[[77.351265    0.10511721  0.9243047 ]],[[ 9.8963974e+01 -4.5528656e-04 -8.4849950e-03]]
157,[[67.26521     0.07380832  0.7886171 ]],[[ 4.6032391e+01 -2.4566404e-04 -4.5783427e-03]]
158,[[67.8288      0.08569945  0.809589  ]],[[ 4.5628681e+01 -2.4406523e-04 -4.5485469e-03]]
159,[[92.43425     0.11495007  1.0804174 ]],[[96.23927    0.8613743  8.413284 ]]
160,[[78.53805     0.09127916  0.91623616]],[[92.9978     -0.35443178  0.9595599 ]]
161,[[61.307888    0.06935657  0.72717845]],[[ 6.9237785e+01 -3.3756328e-04 -6.2910328e-03]]
162,[[69.66834     0.08227313  0.82471526]],[[ 4.4819267e+01 -2.4085975e-04 -4.4888076e-03]]
163,[[87.906006    0.09890211  1.0174692 ]],[[98.594315 -7.836796 25.059875]]
164,[[87.19231     0.10304678  1.0161128 ]],[[ 9.9999985e+01 -4.5938941e-04 -8.5614575e-03]]
165,[[86.89195     0.10707176  1.0144949 ]],[[ 9.6537476e+01 -4.4567700e-04 -8.3059054e-03]]
166,[[95.11346    0.1077174  1.0929978]],[[99.80458   -1.3796902  3.8069024]]
167,[[99.05112     0.10134352  1.1219561 ]],[[ 9.9999985e+01 -4.5938941e-04 -8.5614575e-03]]
168,[[96.561104    0.11891878  1.1145684 ]],[[95.89461    4.7063446  2.7671633]]
169,[[68.59839    0.0755235  0.8039931]],[[ 94.61226   -10.144396   -7.2510214]]
170,[[98.05462    0.1090535  1.1237181]],[[97.64499    -0.67949456  8.381156  ]]
171,[[93.06094     0.11456049  1.0821395 ]],[[54.146694   1.9420174  5.5583787]]
172,[[94.58836     0.10959328  1.0901164 ]],[[94.79931    1.3182714  2.6342986]]
173,[[98.64295     0.12781513  1.1438183 ]],[[97.902466  -4.6541066 -3.239658 ]]
174,[[100.9342      0.1235112   1.1647427]],[[99.72846     0.3289919   0.10768967]]
175,[[96.48201     0.10106362  1.0968177 ]],[[92.87489   8.072273  5.665156]]
176,[[44.68018     0.05915321  0.5572518 ]],[[47.728592   3.8837621  1.401242 ]]
177,[[86.69332     0.10929096  1.0168154 ]],[[ 9.7925629e+01 -4.5117445e-04 -8.4083593e-03]]
178,[[97.37987     0.11351288  1.1187018 ]],[[99.18585    0.9907086  0.3420665]]
179,[[96.533676   0.1021427  1.0994072]],[[93.797066   7.815836   2.8342762]]
180,[[93.01384     0.11905993  1.0880337 ]],[[99.457085    0.65938073  0.22456361]]
181,[[91.709885    0.11577738  1.070753  ]],[[ 9.7925629e+01 -4.5117445e-04 -8.4083593e-03]]
182,[[95.72705     0.10802067  1.0968218 ]],[[97.29162    3.336396   1.1827261]]
183,[[96.99274     0.10380829  1.1014324 ]],[[ 9.9999985e+01 -4.5938941e-04 -8.5614575e-03]]
184,[[90.868744   0.106861   1.0522187]],[[99.457085    0.65938073  0.22456361]]
185,[[42.842148    0.06294215  0.5455731 ]],[[47.728592   3.8837621  1.401242 ]]
186,[[91.10994     0.12087763  1.0704982 ]],[[90.230484  5.336193 -4.14771 ]]
187,[[96.94134     0.11923302  1.1261923 ]],[[ 9.7925629e+01 -4.5117445e-04 -8.4083593e-03]]
188,[[97.16327     0.12030924  1.1291994 ]],[[99.457085    0.65938073  0.22456361]]
189,[[97.618835    0.11987341  1.1298239 ]],[[90.373985 10.811318  7.278717]]
190,[[98.02128     0.12655532  1.1404338 ]],[[ 9.9999985e+01 -4.5938941e-04 -8.5614575e-03]]
191,[[52.56747     0.08119357  0.6609956 ]],[[ 4.9238979e+01 -2.5836294e-04 -4.8150071e-03]]
192,[[84.11417     0.10845817  0.99281406]],[[ 9.8618126e+01 -4.5391687e-04 -8.4594684e-03]]
193,[[70.85416     0.09709299  0.85312045]],[[ 6.8865005e+01 -3.3608699e-04 -6.2635196e-03]]
194,[[86.671265    0.10761774  1.0120381 ]],[[ 9.9999985e+01 -4.5938941e-04 -8.5614575e-03]]
195,[[68.07732     0.08501519  0.80765593]],[[ 4.4819267e+01 -2.4085975e-04 -4.4888076e-03]]
196,[[92.10932     0.11060751  1.0689093 ]],[[97.75599     2.3272555   0.81919307]]
197,[[95.457405    0.11221541  1.1014173 ]],[[ 9.9999985e+01 -4.5938941e-04 -8.5614575e-03]]
198,[[91.835655    0.11202753  1.0655063 ]],[[88.56401   12.633831   3.0311377]]
199,[[106.74963      0.12980974   1.2268991 ]],[[ 9.9999985e+01 -4.5938941e-04 -8.5614575e-03]]
200,[[85.85106     0.11246455  1.0120387 ]],[[ 9.9999985e+01 -4.5938941e-04 -8.5614575e-03]]
201,[[95.241936    0.12039507  1.1057712 ]],[[96.52341    2.8335543  2.6272748]]
202,[[57.626972    0.06843627  0.6914174 ]],[[12.982332  -5.962423  -1.9291099]]
203,[[46.32384     0.05996431  0.5737327 ]],[[ 7.2574768e+01 -3.5077860e-04 -6.5373215e-03]]
204,[[88.17719     0.10421551  1.0237957 ]],[[82.303444 24.126064  9.511912]]
205,[[94.32582    0.114581   1.0936153]],[[98.42478   -1.5544716  5.3730726]]
206,[[97.45976     0.10333479  1.1088183 ]],[[66.9685    28.878712  -3.9988906]]
207,[[93.29822     0.11622036  1.0863684 ]],[[ 9.9999985e+01 -4.5938941e-04 -8.5614575e-03]]
208,[[96.47715     0.11887015  1.1193607 ]],[[ 9.8963974e+01 -4.5528656e-04 -8.4849950e-03]]
209,[[78.70494     0.10599173  0.9379612 ]],[[ 5.2799976e+01 -2.7246538e-04 -5.0778291e-03]]
210,[[90.29137     0.10550392  1.0462143 ]],[[97.64499    -0.67949456  8.381156  ]]
211,[[80.36308     0.09017695  0.9325615 ]],[[90.075455 12.818271  4.76006 ]]
212,[[91.72233     0.10421313  1.0513129 ]],[[ 9.9999985e+01 -4.5938941e-04 -8.5614575e-03]]
213,[[92.61076     0.11082257  1.0730362 ]],[[28.709667  -1.2509605  4.9973946]]
214,[[63.89357    0.0824529  0.767612 ]],[[82.28083   -7.1588807 -3.011742 ]]
215,[[77.65172     0.08989847  0.90660477]],[[76.59244 28.18684 29.52432]]
216,[[73.12619     0.08279885  0.85348976]],[[ 6.2462765e+01 -3.1073249e-04 -5.7909978e-03]]
217,[[99.46101     0.12104643  1.1486626 ]],[[ 9.9999985e+01 -4.5938941e-04 -8.5614575e-03]]
218,[[97.06673     0.11772574  1.1212618 ]],[[95.53034    -0.69699776  7.33426   ]]
219,[[82.09143     0.10857428  0.9727123 ]],[[ 9.9999985e+01 -4.5938941e-04 -8.5614575e-03]]
220,[[91.621956    0.09487046  1.0433865 ]],[[98.014435  -0.5176959  7.8936634]]
221,[[91.604935    0.11340273  1.0654852 ]],[[97.64499    -0.67949456  8.381156  ]]
222,[[87.128746    0.10732544  1.0188279 ]],[[ 2.0327383e+01 -1.4386566e-04 -2.6811671e-03]]
223,[[92.6144      0.11830939  1.0835575 ]],[[ 90.318085  -14.683956   -4.8867936]]
224,[[84.10837     0.11007274  0.99297035]],[[ 79.937355    0.8273437 -16.696196 ]]
225,[[96.16263     0.10943306  1.1071857 ]],[[94.22731   -4.4436636 15.239583 ]]
226,[[86.18234     0.11367691  1.0145066 ]],[[83.34874   -4.345135   2.3965402]]
227,[[99.53729     0.12541568  1.1574581 ]],[[ 9.9999985e+01 -4.5938941e-04 -8.5614575e-03]]
228,[[98.727234    0.11203945  1.1299891 ]],[[98.78185   -2.259708  -1.8761417]]
229,[[79.45409     0.09574688  0.9299587 ]],[[81.6257    -4.021967   2.5240788]]
230,[[44.23914     0.05892623  0.55278045]],[[ 44.62154  -10.361456  10.983264]]
231,[[92.82092     0.10639227  1.0668905 ]],[[ 96.86066  -13.129229  -4.950818]]
232,[[60.837467    0.08167423  0.7394655 ]],[[ 4.4819267e+01 -2.4085975e-04 -4.4888076e-03]]
233,[[43.257133    0.05836762  0.5426507 ]],[[15.40289   -2.6162612 -6.118296 ]]
234,[[50.608746    0.06247056  0.6174081 ]],[[ 7.2574768e+01 -3.5077860e-04 -6.5373215e-03]]
235,[[81.079926    0.10399688  0.9608195 ]],[[92.48412    -0.56647587 -3.4906936 ]]
236,[[100.34126      0.11869658   1.1540366 ]],[[99.97514    -0.17511709  0.46771222]]
237,[[61.04505     0.09276188  0.7561952 ]],[[42.17246    -0.9890372   0.28857642]]
238,[[95.42603     0.11067761  1.0977509 ]],[[75.42196   25.139542   2.0024261]]
239,[[99.5038      0.12701976  1.1554773 ]],[[ 9.9999985e+01 -4.5938941e-04 -8.5614575e-03]]
240,[[97.12439    0.1157769  1.1231103]],[[99.0567   -4.454954 13.995676]]
241,[[77.088264    0.09696329  0.9118445 ]],[[66.006294  -1.0724187 -0.3816775]]
242,[[80.82785     0.09727753  0.9438615 ]],[[97.75599     2.3272555   0.81919307]]
243,[[104.79073      0.12936723   1.2122939 ]],[[ 9.9999985e+01 -4.5938941e-04 -8.5614575e-03]]
244,[[78.48643     0.10034145  0.9292604 ]],[[ 8.0604073e+01 -3.8257666e-04 -7.1299290e-03]]
245,[[96.977516   0.1034602  1.1090275]],[[96.34094   -3.5939476 -5.053038 ]]
246,[[95.43501     0.10063732  1.0872196 ]],[[ 9.9999985e+01 -4.5938941e-04 -8.5614575e-03]]
247,[[91.997314    0.09259213  1.0423713 ]],[[ 4.6032391e+01 -2.4566404e-04 -4.5783427e-03]]
248,[[68.09357     0.08732713  0.8149928 ]],[[ 4.5628681e+01 -2.4406523e-04 -4.5485469e-03]]
249,[[48.84313    0.0618769  0.5998542]],[[50.025578 -9.02797   9.88056 ]]
250,[[101.07936      0.12074459   1.162146  ]],[[ 9.9999985e+01 -4.5938941e-04 -8.5614575e-03]]
251,[[83.23665     0.10565341  0.9820968 ]],[[ 2.5316788e+01 -1.6362498e-04 -3.0494137e-03]]
252,[[86.3769      0.09418906  0.9967302 ]],[[93.265945 -8.029181 -8.207026]]
253,[[97.993256    0.11021412  1.1211482 ]],[[98.05108   -2.3265998 11.017651 ]]
254,[[93.37167     0.10199154  1.0627708 ]],[[17.34075    3.2227561  1.1831132]]
255,[[74.65355     0.08776797  0.87618196]],[[ 7.2574768e+01 -3.5077860e-04 -6.5373215e-03]]
256,[[95.96698     0.11799086  1.1151614 ]],[[ 9.9999985e+01 -4.5938941e-04 -8.5614575e-03]]
257,[[90.19824     0.11522949  1.0567274 ]],[[85.32232    2.5646024 76.31874  ]]
258,[[87.29306     0.09603966  1.0065649 ]],[[98.64574   -2.8274033 11.363911 ]]
259,[[96.98016     0.10775603  1.1093327 ]],[[96.685905    0.6634455   0.22621821]]
260,[[93.08923     0.11218203  1.0797105 ]],[[ 7.4415085e+01 -3.5806670e-04 -6.6731470e-03]]
261,[[74.02122     0.10110105  0.8874998 ]],[[ 2.0327383e+01 -1.4386566e-04 -2.6811671e-03]]
262,[[59.160145    0.09204567  0.73753387]],[[ 3.8241787e+01 -2.1481125e-04 -4.0033520e-03]]
263,[[96.287384    0.11101998  1.1094056 ]],[[99.26192   -0.7122831  4.045715 ]]
264,[[95.07396     0.10971535  1.095226  ]],[[97.18888    -1.8267602  -0.10647488]]
265,[[90.46528     0.11460579  1.0591426 ]],[[89.19606   12.137464   4.4955964]]
266,[[79.58458     0.08905686  0.9195907 ]],[[80.36605  22.13996  27.132578]]
267,[[95.11488     0.11437405  1.099566  ]],[[ 6.2462765e+01 -3.1073249e-04 -5.7909978e-03]]
268,[[57.113567    0.08398522  0.7077733 ]],[[94.36076   -9.2215     2.8295343]]
269,[[96.09718     0.11820687  1.1173531 ]],[[89.19606   12.137464   4.4955964]]
270,[[95.458626    0.11686028  1.1079627 ]],[[98.91477     1.3229767   0.46020448]]
271,[[75.0931      0.09757818  0.8896167 ]],[[ 6.2462765e+01 -3.1073249e-04 -5.7909978e-03]]
272,[[99.777626    0.10363472  1.1326146 ]],[[93.82364   -4.6437745 14.647739 ]]
273,[[97.95085     0.11315001  1.12366   ]],[[ 9.9999985e+01 -4.5938941e-04 -8.5614575e-03]]
274,[[95.54784     0.11575878  1.1080207 ]],[[97.98899  -9.97352  34.312508]]
275,[[100.00679      0.12193859   1.1576166 ]],[[ 9.9999985e+01 -4.5938941e-04 -8.5614575e-03]]
276,[[72.66389     0.07821477  0.8448831 ]],[[ 4.5628681e+01 -2.4406523e-04 -4.5485469e-03]]
277,[[91.099625    0.11856974  1.0663779 ]],[[99.18585    0.9907086  0.3420665]]
278,[[94.18089     0.09977854  1.0772047 ]],[[93.797066   7.815836   2.8342762]]
279,[[78.884155    0.08836759  0.9183794 ]],[[ 9.7925629e+01 -4.5117445e-04 -8.4083593e-03]]
280,[[101.83168      0.13187397   1.173563  ]],[[ 9.9999985e+01 -4.5938941e-04 -8.5614575e-03]]
281,[[86.72889    0.1043433  1.010002 ]],[[93.37918   -5.7320995 20.739714 ]]
282,[[90.02665     0.10648335  1.0451303 ]],[[ 8.9883675e+01 -4.1932624e-04 -7.8148171e-03]]
283,[[108.138794     0.13029468   1.2425097 ]],[[ 9.9999985e+01 -4.5938941e-04 -8.5614575e-03]]
284,[[101.75003      0.10590447   1.1511141 ]],[[ 9.9999985e+01 -4.5938941e-04 -8.5614575e-03]]
285,[[99.19692     0.12624347  1.1548475 ]],[[ 9.9999985e+01 -4.5938941e-04 -8.5614575e-03]]
286,[[100.35095     0.1213249   1.1547978]],[[ 9.9999985e+01 -4.5938941e-04 -8.5614575e-03]]
287,[[75.40582     0.09363807  0.8913625 ]],[[77.58116  31.63479  13.068225]]
288,[[99.069855    0.11594094  1.1380854 ]],[[ 9.965491e+01 -4.580228e-04 -8.535990e-03]]
289,[[84.11323     0.09064353  0.968606  ]],[[ 9.9999985e+01 -4.5938941e-04 -8.5614575e-03]]
290,[[91.61144     0.11614836  1.0687141 ]],[[ 6.6619644e+01 -3.2719478e-04 -6.0977987e-03]]
291,[[76.99489     0.08944405  0.89980924]],[[87.92338    3.0109649 45.162937 ]]
292,[[103.6147       0.11517323   1.1859027 ]],[[98.64574   -2.8274033 11.363911 ]]
293,[[93.10518     0.11315764  1.0813383 ]],[[ 8.5627159e+01 -4.0246936e-04 -7.5006620e-03]]
294,[[98.962616    0.11781395  1.1431849 ]],[[97.627945    0.15553848  0.5871688 ]]
295,[[99.906425    0.12326039  1.1597662 ]],[[99.48555   -1.3838186  4.8823485]]
296,[[102.236786    0.1263007   1.1815114]],[[ 9.9999985e+01 -4.5938941e-04 -8.5614575e-03]]
297,[[62.991917    0.08426894  0.7616395 ]],[[ 5.1223141e+01 -2.6622071e-04 -4.9614497e-03]]
298,[[98.927795    0.12029112  1.1454228 ]],[[98.618256  -5.3249946 17.972996 ]]
299,[[96.143364    0.12263716  1.1203789 ]],[[ 9.9999985e+01 -4.5938941e-04 -8.5614575e-03]]
300,[[87.87481    0.0918311  1.005032 ]],[[94.206085  -3.2516193  3.7548623]]
301,[[101.632515     0.11946238   1.1694014 ]],[[99.299774  -2.7066832  8.714002 ]]
302,[[101.851456     0.12383927   1.1768941 ]],[[97.744095   -0.17512383  8.019188  ]]
303,[[65.642296    0.07892335  0.7815609 ]],[[83.995056 -1.242551  2.345296]]
304,[[76.635376    0.09360898  0.90192294]],[[78.91528   -4.3170314 12.556388 ]]
305,[[94.81604     0.12433899  1.1095917 ]],[[ 9.7925629e+01 -4.5117445e-04 -8.4083593e-03]]
306,[[43.985455    0.06012357  0.5520282 ]],[[40.673286   -0.18104985 -0.711267  ]]
307,[[82.817184    0.10579694  0.97624516]],[[96.06008  -8.669356 28.092165]]
308,[[101.878624     0.12493838   1.1734364 ]],[[99.18585    0.9907086  0.3420665]]
309,[[76.68274     0.08430708  0.892326  ]],[[83.74144   10.628855   1.1199576]]
310,[[86.26832     0.11146153  1.016778  ]],[[93.37918   -5.7320995 20.739714 ]]
311,[[92.71622     0.10644758  1.0704682 ]],[[99.457085    0.65938073  0.22456361]]
312,[[96.03584     0.12186135  1.1198423 ]],[[ 88.977974  -10.029965    3.7425597]]
313,[[98.70047     0.12294663  1.1434764 ]],[[95.11264    5.9082685  2.667341 ]]
314,[[55.022106    0.07272781  0.67326397]],[[ 4.5628681e+01 -2.4406523e-04 -4.5485469e-03]]
315,[[100.40431      0.11459864   1.1531775 ]],[[99.299774  -2.7066832  8.714002 ]]
316,[[87.3288      0.08959997  0.99721456]],[[89.76564    1.641502  -4.3861914]]
317,[[96.62486     0.11357868  1.1120679 ]],[[99.85272   -1.0387663  2.85194  ]]
318,[[102.74381      0.13060176   1.1922596 ]],[[96.135284  -4.547068  -5.3795404]]
319,[[80.70238     0.08864511  0.93630075]],[[83.995056 -1.242551  2.345296]]
320,[[70.18364     0.08351458  0.8270471 ]],[[ 8.568579   4.3538938 -5.543693 ]]
321,[[99.227486    0.12167013  1.1483877 ]],[[95.90053   -4.2167163 26.43781  ]]
322,[[93.94763     0.10728253  1.0806721 ]],[[ 9.9999985e+01 -4.5938941e-04 -8.5614575e-03]]
323,[[92.655396    0.11668576  1.0812757 ]],[[89.3302     -1.032669    0.73145247]]
324,[[87.258705    0.10754669  1.0212774 ]],[[92.24665    -0.70670265  1.9311975 ]]
325,[[88.95487     0.10950554  1.0397713 ]],[[ 49.48713   14.129071 -29.699402]]
326,[[96.99683     0.11364306  1.1183956 ]],[[92.88326    1.4145448  9.215581 ]]
327,[[96.95067     0.11400593  1.1188143 ]],[[99.0567   -4.454954 13.995676]]
328,[[88.65442     0.11482132  1.0396727 ]],[[ 9.7578987e+01 -4.4980165e-04 -8.3827749e-03]]
329,[[84.626724    0.09759153  0.984226  ]],[[72.44953    6.7151804  9.338185 ]]
330,[[85.33314     0.09615553  0.9880245 ]],[[98.594315 -7.836796 25.059875]]
331,[[74.45963     0.10494936  0.8959092 ]],[[ 6.2462765e+01 -3.1073249e-04 -5.7909978e-03]]
332,[[83.25763     0.10371483  0.97650313]],[[ 9.4447166e+01 -4.3739882e-04 -8.1516281e-03]]
333,[[80.05841     0.1071905   0.95227075]],[[ 9.7925629e+01 -4.5117445e-04 -8.4083593e-03]]
334,[[99.289085    0.11341418  1.1429232 ]],[[96.135284  -4.547068  -5.3795404]]
335,[[63.131195    0.07078255  0.74572945]],[[ 4.5628681e+01 -2.4406523e-04 -4.5485469e-03]]
336,[[74.85205     0.0848676   0.87314296]],[[ 4.6032391e+01 -2.4566404e-04 -4.5783427e-03]]
337,[[87.24927     0.11284626  1.0268717 ]],[[66.006294  -1.0724187 -0.3816775]]
338,[[105.62926      0.12831485   1.218711  ]],[[98.56864   -0.536608   2.4984913]]
339,[[92.28558     0.11632241  1.075717  ]],[[87.51138    2.437175  -2.4642713]]
340,[[90.05953     0.11008824  1.0483434 ]],[[ 6.2462765e+01 -3.1073249e-04 -5.7909978e-03]]
341,[[90.51161    0.1171974  1.0607624]],[[87.39015     0.39382592 26.941532  ]]
342,[[97.37952     0.10145462  1.1060183 ]],[[96.83023  -3.042852  9.725673]]
343,[[72.92144     0.09693087  0.8725241 ]],[[ 5.9020367e+01 -2.9709970e-04 -5.5369292e-03]]
344,[[83.41419     0.09887851  0.9730598 ]],[[ 8.0604073e+01 -3.8257666e-04 -7.1299290e-03]]
345,[[101.02912      0.12162865   1.1671883 ]],[[89.50519    -0.17921394  0.47989428]]
346,[[82.19587     0.11368764  0.9806715 ]],[[ 5.9020367e+01 -2.9709970e-04 -5.5369292e-03]]
347,[[94.7825      0.10367764  1.0856953 ]],[[96.733116  -3.5480974 10.091448 ]]
348,[[85.98523     0.10828579  1.0085845 ]],[[ 8.0604073e+01 -3.8257666e-04 -7.1299290e-03]]
349,[[75.43005     0.10105313  0.9001986 ]],[[ 2.0327383e+01 -1.4386566e-04 -2.6811671e-03]]
350,[[99.49461     0.12520301  1.1560162 ]],[[97.69528  -6.62734  19.697397]]
351,[[94.29854     0.11925972  1.0962632 ]],[[ 9.9999985e+01 -4.5938941e-04 -8.5614575e-03]]
352,[[74.60001     0.08940304  0.87756455]],[[89.19606   12.137464   4.4955964]]
353,[[92.08092     0.11710537  1.0727717 ]],[[93.07442     1.6774021   0.58715373]]
354,[[96.17074     0.11801184  1.1151392 ]],[[ 8.8823616e+01 -4.1512816e-04 -7.7365786e-03]]
355,[[81.73053     0.10115469  0.9571004 ]],[[94.48043    1.7804868 14.180186 ]]
356,[[94.07373     0.10134304  1.0752066 ]],[[99.97514    -0.17511709  0.46771222]]
357,[[78.19871     0.11124528  0.93835497]],[[69.244675 24.79441  27.292723]]
358,[[97.24176     0.12000216  1.126057  ]],[[ 9.9999985e+01 -4.5938941e-04 -8.5614575e-03]]
359,[[95.094986    0.10659111  1.0911417 ]],[[ 9.9999985e+01 -4.5938941e-04 -8.5614575e-03]]
360,[[76.29001     0.10478915  0.9136057 ]],[[ 92.105125 -13.107836  13.534747]]
361,[[75.57822     0.10036267  0.90273917]],[[93.37918   -5.7320995 20.739714 ]]
362,[[97.57471     0.12398566  1.134901  ]],[[ 9.9999985e+01 -4.5938941e-04 -8.5614575e-03]]
363,[[78.09397     0.09583438  0.9187901 ]],[[94.57123     0.49107438  0.70965075]]
364,[[89.979645   0.0995158  1.0344434]],[[ 9.6537476e+01 -4.4567700e-04 -8.3059054e-03]]
365,[[101.75749      0.12487114   1.1765379 ]],[[99.73326   -1.8861667  5.24062  ]]
366,[[84.501724    0.10120643  0.9877485 ]],[[93.37918   -5.7320995 20.739714 ]]
367,[[97.85478     0.11835469  1.133498  ]],[[ 9.7925629e+01 -4.5117445e-04 -8.4083593e-03]]
368,[[97.41853     0.11234272  1.1186275 ]],[[99.186386   -0.86855996  2.3783522 ]]
369,[[76.12849     0.08746255  0.88996387]],[[93.12113   -7.8917336 -1.6129934]]
370,[[93.63101     0.11860407  1.0886104 ]],[[98.74326  -4.418173 15.085007]]
371,[[98.61749     0.11987437  1.1349083 ]],[[ 9.9999985e+01 -4.5938941e-04 -8.5614575e-03]]
372,[[86.63687     0.09786261  1.0031163 ]],[[ 8.0604073e+01 -3.8257666e-04 -7.1299290e-03]]
373,[[82.02549    0.0957166  0.9541079]],[[ 9.2697655e+01 -4.3047033e-04 -8.0225049e-03]]
374,[[97.639786    0.10501421  1.1134472 ]],[[80.5421   26.86653  10.766456]]
375,[[101.383224     0.12786853   1.1761844 ]],[[95.91909    4.87298    2.2852256]]
376,[[100.21167      0.11108816   1.1448984 ]],[[99.82859   -1.2095542  3.3293338]]
377,[[91.772446    0.10968483  1.0649908 ]],[[97.23522    -0.54637384  4.6628823 ]]
378,[[99.24432     0.12209261  1.1512351 ]],[[98.58312    -6.7177005  -0.70016134]]
379,[[95.62706     0.11501206  1.1047789 ]],[[97.51803   -2.8920848  8.149655 ]]
380,[[76.888       0.08972824  0.8983543 ]],[[79.79459   28.050884  11.3234005]]
381,[[93.31798    0.105142   1.0643804]],[[ 9.9999985e+01 -4.5938941e-04 -8.5614575e-03]]
382,[[66.571915    0.09326947  0.80864584]],[[ 4.5628681e+01 -2.4406523e-04 -4.5485469e-03]]
383,[[99.01872    0.1289376  1.155755 ]],[[96.66205   -3.7813096 -4.5722113]]
384,[[89.612076    0.10881699  1.0426476 ]],[[92.85294    6.7969418  2.4541483]]
385,[[67.7066      0.07848991  0.799412  ]],[[80.28981   -4.749881  -1.6453669]]
386,[[99.35891     0.11741007  1.1440501 ]],[[ 9.9999985e+01 -4.5938941e-04 -8.5614575e-03]]
387,[[96.75682    0.1124028  1.1166272]],[[ 9.9999985e+01 -4.5938941e-04 -8.5614575e-03]]
388,[[79.838394    0.08981598  0.9273739 ]],[[93.82217   -4.1809673 -3.637578 ]]
389,[[98.586945    0.10884131  1.1284149 ]],[[99.299774  -2.7066832  8.714002 ]]
390,[[91.00801     0.10172785  1.0450826 ]],[[ 9.9999985e+01 -4.5938941e-04 -8.5614575e-03]]
391,[[97.827194    0.12481201  1.134312  ]],[[99.18585    0.9907086  0.3420665]]
392,[[92.26939     0.11886156  1.0810122 ]],[[ 9.9999985e+01 -4.5938941e-04 -8.5614575e-03]]
393,[[96.458824    0.10701931  1.1023513 ]],[[97.64499    -0.67949456  8.381156  ]]
394,[[91.17033    0.1159066  1.061239 ]],[[91.01693    6.4816732  2.3381135]]
395,[[93.43614    0.1011504  1.0695927]],[[ 9.9999985e+01 -4.5938941e-04 -8.5614575e-03]]
396,[[87.39984    0.0990032  1.0117028]],[[ 9.8618126e+01 -4.5391687e-04 -8.4594684e-03]]
397,[[83.87524     0.08672012  0.95982075]],[[ 9.9999985e+01 -4.5938941e-04 -8.5614575e-03]]
398,[[85.44771     0.10424555  0.9937427 ]],[[93.797066   7.815836   2.8342762]]
399,[[106.03497      0.13641965   1.2276942 ]],[[ 95.55007   -21.731272   -7.0626564]]
400,[[103.70123      0.12811553   1.2004298 ]],[[99.457085    0.65938073  0.22456361]]
401,[[90.282425    0.09784401  1.0356975 ]],[[93.797066   7.815836   2.8342762]]
402,[[72.98857     0.08637346  0.85573953]],[[ 4.4819267e+01 -2.4085975e-04 -4.4888076e-03]]
403,[[100.48606      0.12735116   1.1692127 ]],[[99.457085    0.65938073  0.22456361]]
404,[[98.89906     0.12174357  1.1428771 ]],[[ 9.9999985e+01 -4.5938941e-04 -8.5614575e-03]]
405,[[88.408646    0.10370243  1.0246515 ]],[[99.214325  -1.0486661  5.0027843]]
406,[[85.992355   0.0957712  0.9876596]],[[ 87.576416  17.813993 -12.74171 ]]
407,[[98.09064     0.10921992  1.1228045 ]],[[ 9.9999985e+01 -4.5938941e-04 -8.5614575e-03]]
408,[[73.31549     0.08508123  0.858498  ]],[[70.23289   4.099669 -9.578584]]
409,[[96.55774     0.11983717  1.1185727 ]],[[ 9.9999985e+01 -4.5938941e-04 -8.5614575e-03]]
410,[[53.989628    0.06563009  0.6537612 ]],[[37.592396   -0.97067463 -0.9955705 ]]
411,[[99.39801     0.11811579  1.1454594 ]],[[99.14382   -1.5482771  6.4396043]]
412,[[80.75624     0.10872615  0.96168995]],[[69.53124   -0.3549235 -0.1310303]]
413,[[95.67799     0.11254919  1.1056479 ]],[[ 9.8618126e+01 -4.5391687e-04 -8.4594684e-03]]
414,[[98.41559     0.11961687  1.1372138 ]],[[ 9.9999985e+01 -4.5938941e-04 -8.5614575e-03]]
415,[[97.153564    0.11038817  1.1157283 ]],[[99.48555   -1.3838186  4.8823485]]
416,[[104.28084      0.13095462   1.2053034 ]],[[ 9.9999985e+01 -4.5938941e-04 -8.5614575e-03]]
417,[[97.96975     0.12145699  1.1350887 ]],[[99.68631   -2.2205222  6.1972375]]
418,[[100.35229      0.12994468   1.1675864 ]],[[ 9.9999985e+01 -4.5938941e-04 -8.5614575e-03]]
419,[[85.593544    0.10060657  0.99496305]],[[91.66073    2.8734908  3.7557125]]
420,[[83.466064    0.09569586  0.9680891 ]],[[ 3.7799454e+01  1.8139908e+00 -7.5189490e-03]]
421,[[85.026276    0.10255278  0.99309945]],[[ 9.8618126e+01 -4.5391687e-04 -8.4594684e-03]]
422,[[91.8177     0.1081785  1.0606043]],[[ 9.6537476e+01 -4.4567700e-04 -8.3059054e-03]]
423,[[80.84621     0.10101188  0.95256984]],[[ 5.9020367e+01 -2.9709970e-04 -5.5369292e-03]]
424,[[51.821682    0.06626499  0.6335475 ]],[[47.728592   3.8837621  1.401242 ]]
425,[[99.6468      0.12072314  1.1504556 ]],[[ 9.9999985e+01 -4.5938941e-04 -8.5614575e-03]]
426,[[97.52776     0.10803974  1.1182933 ]],[[99.457085    0.65938073  0.22456361]]
427,[[73.52668     0.10147441  0.8836577 ]],[[ 9.7925629e+01 -4.5117445e-04 -8.4083593e-03]]
428,[[61.83259     0.09320534  0.76431066]],[[34.287888   1.7974002 -4.679593 ]]
429,[[81.572624    0.09621609  0.9536035 ]],[[90.075455 12.818271  4.76006 ]]
430,[[71.619415    0.0907203   0.85121554]],[[74.41818   -4.6109905 -5.03008  ]]
431,[[96.19966     0.11319769  1.1048961 ]],[[ 9.9999985e+01 -4.5938941e-04 -8.5614575e-03]]
432,[[96.44157     0.11161841  1.1102899 ]],[[ 9.9999985e+01 -4.5938941e-04 -8.5614575e-03]]
433,[[82.752335   0.1015724  0.9682255]],[[ 6.2462765e+01 -3.1073249e-04 -5.7909978e-03]]
434,[[89.137375    0.11506499  1.043499  ]],[[ 9.9999985e+01 -4.5938941e-04 -8.5614575e-03]]
435,[[107.74498      0.14363849   1.2501308 ]],[[ 9.9999985e+01 -4.5938941e-04 -8.5614575e-03]]
436,[[89.21601     0.11174334  1.0409584 ]],[[83.78029  -4.00025   2.509627]]
437,[[77.9951      0.08715332  0.90703726]],[[87.85521   8.656795 11.99089 ]]
438,[[100.913704     0.12302817   1.1659119 ]],[[ 9.9999985e+01 -4.5938941e-04 -8.5614575e-03]]
439,[[105.8554       0.12142981   1.2083031 ]],[[ 9.9999985e+01 -4.5938941e-04 -8.5614575e-03]]
440,[[89.995926    0.10971392  1.0477993 ]],[[91.744965  5.206016 14.967853]]
441,[[96.60814     0.10953463  1.1111319 ]],[[96.52341    2.8335543  2.6272748]]
442,[[98.24681     0.12025822  1.1358646 ]],[[ 9.9999985e+01 -4.5938941e-04 -8.5614575e-03]]
443,[[63.137753    0.07914627  0.7562916 ]],[[ 6.1374973e+01 -2.7047070e-02  2.3632536e+00]]
444,[[59.45786     0.09169734  0.73999023]],[[ 2.9288813e+01 -1.7935521e-04 -3.3425717e-03]]
445,[[89.11246     0.10891903  1.0373375 ]],[[ 9.8963974e+01 -4.5528656e-04 -8.4849950e-03]]
446,[[99.86038     0.11975563  1.1525831 ]],[[ 9.9999985e+01 -4.5938941e-04 -8.5614575e-03]]
447,[[94.40176     0.10938872  1.0839417 ]],[[ 9.9999985e+01 -4.5938941e-04 -8.5614575e-03]]
448,[[98.45691     0.12109507  1.139721  ]],[[99.679886    0.17496935 -0.48496586]]
449,[[81.88237     0.09787429  0.9555    ]],[[84.065094  -4.337409   2.3919652]]
450,[[86.26138     0.11075056  1.0167503 ]],[[93.94417    2.5006897 14.455564 ]]
451,[[53.761448    0.0694188   0.65613085]],[[ 7.5148582e+01 -3.6097155e-04 -6.7272834e-03]]
452,[[76.16799     0.08653153  0.88810396]],[[ 4.4819267e+01 -2.4085975e-04 -4.4888076e-03]]
453,[[101.28013      0.10163916   1.1419697 ]],[[ 96.86066  -13.129229  -4.950818]]
454,[[64.981       0.07204402  0.7624283 ]],[[ 7.2574768e+01 -3.5077860e-04 -6.5373215e-03]]
455,[[104.56422      0.12564552   1.2039883 ]],[[99.66301   -2.3867054  6.675776 ]]
456,[[89.388054    0.11394966  1.0473214 ]],[[92.88984   -7.1947246 -2.4719193]]
457,[[98.696175   0.1251849  1.1496354]],[[ 7.9519257e+01 -3.7828053e-04 -7.0498642e-03]]
458,[[100.92765      0.11425961   1.1596564 ]],[[97.64499    -0.67949456  8.381156  ]]
459,[[92.37191     0.11097992  1.071589  ]],[[97.49694    0.3299563  7.6638403]]
460,[[97.110504    0.10203732  1.1022365 ]],[[ 9.9999985e+01 -4.5938941e-04 -8.5614575e-03]]
461,[[97.84216     0.10899485  1.11689   ]],[[ 9.9999985e+01 -4.5938941e-04 -8.5614575e-03]]
462,[[99.541336    0.11442078  1.1445208 ]],[[94.22731   -4.4436636 15.239583 ]]
463,[[81.81839     0.1118399   0.97164345]],[[92.40503    5.1237316 13.832802 ]]
464,[[101.386246     0.12041796   1.1684124 ]],[[99.0567   -4.454954 13.995676]]
465,[[96.873695    0.12237156  1.1278872 ]],[[ 9.9999985e+01 -4.5938941e-04 -8.5614575e-03]]
466,[[96.19595     0.10445107  1.1009337 ]],[[98.53262   -1.3627161  8.124885 ]]
467,[[102.95836      0.11824454   1.1805341 ]],[[ 9.9999985e+01 -4.5938941e-04 -8.5614575e-03]]
468,[[97.06117     0.11967171  1.1266569 ]],[[97.33002   -3.9650593 -4.089021 ]]
469,[[95.06973     0.10708845  1.0895199 ]],[[99.299774  -2.7066832  8.714002 ]]
470,[[71.72451     0.08392204  0.84364593]],[[ 9.8272011e+01 -4.5254617e-04 -8.4339231e-03]]
471,[[92.791885    0.11173762  1.0779719 ]],[[ 9.8963974e+01 -4.5528656e-04 -8.4849950e-03]]
472,[[99.8587      0.10545815  1.1329577 ]],[[ 9.9999985e+01 -4.5938941e-04 -8.5614575e-03]]
473,[[94.846855    0.11297501  1.0993805 ]],[[ 9.930957e+01 -4.566552e-04 -8.510501e-03]]
474,[[81.930786    0.09741605  0.95665383]],[[ 9.9999985e+01 -4.5938941e-04 -8.5614575e-03]]
475,[[99.23478     0.12318409  1.1448122 ]],[[99.18585    0.9907086  0.3420665]]
476,[[98.5817      0.11908854  1.1395798 ]],[[95.92705   -4.3525376 12.525133 ]]
477,[[91.3018      0.10850991  1.058747  ]],[[ 9.9999985e+01 -4.5938941e-04 -8.5614575e-03]]
478,[[50.901264    0.06263436  0.61994123]],[[ 4.5628681e+01 -2.4406523e-04 -4.5485469e-03]]
479,[[104.77975      0.12309492   1.204589  ]],[[95.129395  -5.9342284 -6.400095 ]]
480,[[95.196655   0.117041   1.1047494]],[[91.825424   1.264855  -3.3984056]]
481,[[96.90577     0.10434807  1.1080258 ]],[[99.299774  -2.7066832  8.714002 ]]
482,[[79.52011     0.08736575  0.9225029 ]],[[93.37918   -5.7320995 20.739714 ]]
483,[[94.602554    0.12134684  1.1060181 ]],[[ 9.7925629e+01 -4.5117445e-04 -8.4083593e-03]]
484,[[85.10865   0.108091  1.001934]],[[99.97514    -0.17511709  0.46771222]]
485,[[97.38296     0.10260189  1.1087916 ]],[[ 9.965491e+01 -4.580228e-04 -8.535990e-03]]
486,[[95.89299     0.11729039  1.1127752 ]],[[99.457085    0.65938073  0.22456361]]
487,[[99.898575    0.12206972  1.1570702 ]],[[ 9.9999985e+01 -4.5938941e-04 -8.5614575e-03]]
488,[[78.32663     0.08339966  0.90388036]],[[ 8.0604073e+01 -3.8257666e-04 -7.1299290e-03]]
489,[[85.61517     0.08928359  0.9793893 ]],[[ 65.42913  -23.108353 -20.131432]]
490,[[95.36893     0.11638106  1.1061217 ]],[[79.79459   28.050884  11.3234005]]
491,[[92.272       0.10855473  1.0658158 ]],[[96.97244    3.3372498  2.266187 ]]
492,[[97.98343     0.11534251  1.1280843 ]],[[95.263115  -5.3064475 -6.187586 ]]
493,[[94.11923     0.10824431  1.0848707 ]],[[99.299774  -2.7066832  8.714002 ]]
494,[[100.96383      0.12775934   1.159446  ]],[[ 9.9999985e+01 -4.5938941e-04 -8.5614575e-03]]
495,[[58.76147     0.08120979  0.7190348 ]],[[ 75.13744   -18.257      -3.0762327]]
